day_of_the_week,Total_amount_charged,txn.deliveredWh
Tuesday,679.8947999999999,228267
Wednesday,627.7837999999999,203732
Thursday,693.7774,235197
Friday,547.924,182376
Saturday,436.3712,135342
Sunday,608.9074,215757
Monday,622.2406,198426
