day_of_the_week,Total_amount_charged,txn.deliveredkWh
Thursday,604.7664,207.758
Friday,664.7575999999999,229.761
Saturday,440.5122,142.275
Sunday,586.4476000000001,185.515
Monday,422.4804,142.55700000000002
Tuesday,620.4776,201.05
Wednesday,476.1822,146.486
