day_of_the_week,Total_amount_charged,txn.deliveredkWh
Thursday,726.9464,241.1500000000001
Friday,727.6515999999999,233.692
Saturday,526.4236,167.172
Sunday,627.5788,206.778
Monday,617.4272,196.202
Tuesday,389.5656,120.2
Wednesday,653.1300000000001,217.89
