day_of_the_week,Total_amount_charged,txn.deliveredWh
Saturday,695.1632,228986
Sunday,772.5301999999999,257395
Monday,730.743,240684
Tuesday,503.9146,162940
Wednesday,735.3186000000001,243413
Thursday,316.5282,108352
Friday,523.2338,180035
