day_of_the_week,Total_amount_charged,txn.deliveredkWh
Friday,743.3956000000001,249.432
Saturday,577.0422,203.918
Sunday,438.8312,150.607
Monday,684.3145999999999,234.119
Tuesday,652.1378,213.397
Wednesday,717.1228,252.466
Thursday,569.6786,198.787
