day_of_the_week,Total_amount_charged,txn.deliveredkWh
Friday,788.5612,258.179
Saturday,590.7443999999999,186.505
Sunday,748.6354,252.551
Monday,651.8098,193.515
Tuesday,597.5504000000001,192.391
Wednesday,500.3148,175.52999999999997
Thursday,555.9764,188.96
