day_of_the_week,Total_amount_charged,txn.deliveredkWh
Saturday,578.5264,200.509
Sunday,686.4712,235.44
Monday,685.2658,209.116
Tuesday,551.4172,177.88100000000003
Wednesday,612.7860000000001,201.939
Thursday,614.8196,201.861
Friday,664.159,219.907
