day_of_the_week,Total_amount_charged,txn.deliveredkWh
Saturday,707.2746,231.715
Sunday,633.1302000000001,241.654
Monday,671.6128,220.46300000000002
Tuesday,540.0028,185.826
Wednesday,439.7742,142.78900000000002
Thursday,600.2482,200.078
Friday,368.8606,134.763
