day_of_the_week,Total_amount_charged,txn.deliveredWh
Thursday,615.5822,194943
Friday,736.2452000000001,257453
Saturday,635.6886,207927
Sunday,668.095,220758
Monday,369.6396,126107
Tuesday,509.8760000000001,163505
Wednesday,563.258,190301
