day_of_the_week,Total_amount_charged,txn.deliveredkWh
Tuesday,480.3888,157.791
Wednesday,674.8108,207.15
Thursday,663.2980000000001,226.856
Friday,433.95220000000006,147.986
Saturday,598.1982,193.847
Sunday,499.093,168.314
Monday,524.7016000000001,175.427
