day_of_the_week,Total_amount_charged,txn.deliveredWh
Sunday,655.2046,210529
Monday,534.4268,185805
Tuesday,663.1586,207786
Wednesday,591.384,198559
Thursday,408.1632,141250
Friday,579.3299999999999,186141
Saturday,526.6777999999999,160607
