day_of_the_week,Total_amount_charged,txn.deliveredWh
Friday,746.1098000000001,240665
Saturday,903.4678,288830
Sunday,698.7466,231959
Monday,440.93860000000006,146056
Tuesday,476.5512,166961
Wednesday,543.8896,183516
Thursday,734.2526,224304
